{"val": {"loss": 0.49104658805805707, "accuracy": 0.8639551192145862, "auc": 0.9885063298099964},
  "test": {"auc": 0.9939370206579727, "loss": 0.29054074526085694, "accuracy": 0.9102150537634408}}