{"val": {"loss": 1.79605, "accuracy":  0.242637, "auc": 0.5},
  "test": {"auc": 0.5, "loss": 1.7665012973850056, "accuracy": 0.25967741935483873}}