{"0": {"test": {"0": {"precision": 0.5109223300970874, "recall": 0.26116625310173697, "f1-score": 0.3456486042692939, "support": 1612}, "1": {"precision": 0.00641025641025641, "recall": 0.0015503875968992248, "f1-score": 0.0024968789013732834, "support": 645}, "2": {"precision": 0.12832194381169323, "recall": 0.9441340782122905, "f1-score": 0.22593582887700536, "support": 358}, "3": {"precision": 0.0, "recall": 0.0, "f1-score": 0.0, "support": 1472}, "4": {"precision": 0.01282051282051282, "recall": 0.010606060606060607, "f1-score": 0.011608623548922056, "support": 660}, "5": {"precision": 0.013365735115431349, "recall": 0.02099236641221374, "f1-score": 0.016332590942835932, "support": 524}, "accuracy": 0.14760007588692847, "macro avg": {"precision": 0.11197346304249688, "recall": 0.20640819098820015, "f1-score": 0.10033708775657174, "support": 5271}, "weighted avg": {"precision": 0.1686863690092451, "recall": 0.14760007588692847, "f1-score": 0.12443578692995445, "support": 5271}, "auc": 0.523581360231806, "loss": 1.8498451471328736}, "val": {"0": {"precision": 0.36, "recall": 0.17647058823529413, "f1-score": 0.2368421052631579, "support": 255}, "1": {"precision": 0.0, "recall": 0.0, "f1-score": 0.0, "support": 97}, "2": {"precision": 0.08206686930091185, "recall": 0.84375, "f1-score": 0.14958448753462603, "support": 32}, "3": {"precision": 0.0, "recall": 0.0, "f1-score": 0.0, "support": 100}, "4": {"precision": 0.427536231884058, "recall": 0.34104046242774566, "f1-score": 0.3794212218649518, "support": 173}, "5": {"precision": 0.029411764705882353, "recall": 0.03571428571428571, "f1-score": 0.03225806451612904, "support": 56}, "accuracy": 0.18653576437587657, "macro avg": {"precision": 0.1498358109818087, "recall": 0.23282922272955428, "f1-score": 0.13301764652981077, "support": 713}, "weighted avg": {"precision": 0.23848101929467128, "recall": 0.18653576437587657, "f1-score": 0.18601369346248695, "support": 713}, "auc": 0.6356987446284802, "loss": 1.7286518656689187}}, "1": {"test": {"0": {"precision": 0.06666666666666667, "recall": 0.0006203473945409429, "f1-score": 0.001229256299938537, "support": 1612}, "1": {"precision": 0.0, "recall": 0.0, "f1-score": 0.0, "support": 645}, "2": {"precision": 0.0, "recall": 0.0, "f1-score": 0.0, "support": 358}, "3": {"precision": 0.0, "recall": 0.0, "f1-score": 0.0, "support": 1472}, "4": {"precision": 0.12600229095074456, "recall": 1.0, "f1-score": 0.22380467955239064, "support": 660}, "5": {"precision": 0.0, "recall": 0.0, "f1-score": 0.0, "support": 524}, "accuracy": 0.12540314930753177, "macro avg": {"precision": 0.0321114929362352, "recall": 0.16677005789909016, "f1-score": 0.03750565597538819, "support": 5271}, "weighted avg": {"precision": 0.036165467405455905, "recall": 0.12540314930753177, "f1-score": 0.02839928849555658, "support": 5271}, "auc": 0.4863840006289962, "loss": 2.1473553159020162}, "val": {"0": {"precision": 0.0, "recall": 0.0, "f1-score": 0.0, "support": 255}, "1": {"precision": 0.0, "recall": 0.0, "f1-score": 0.0, "support": 97}, "2": {"precision": 0.0, "recall": 0.0, "f1-score": 0.0, "support": 32}, "3": {"precision": 0.0, "recall": 0.0, "f1-score": 0.0, "support": 100}, "4": {"precision": 0.24331926863572434, "recall": 1.0, "f1-score": 0.3914027149321267, "support": 173}, "5": {"precision": 0.0, "recall": 0.0, "f1-score": 0.0, "support": 56}, "accuracy": 0.2426367461430575, "macro avg": {"precision": 0.04055321143928739, "recall": 0.16666666666666666, "f1-score": 0.06523378582202112, "support": 713}, "weighted avg": {"precision": 0.05903819561568066, "recall": 0.2426367461430575, "f1-score": 0.09496868118268992, "support": 713}, "auc": 0.6697212845464846, "loss": 1.5901696992957073}}, "2": {"test": {"0": {"precision": 0.404320987654321, "recall": 0.08126550868486353, "f1-score": 0.1353305785123967, "support": 1612}, "1": {"precision": 1.0, "recall": 0.0015503875968992248, "f1-score": 0.0030959752321981426, "support": 645}, "2": {"precision": 0.0, "recall": 0.0, "f1-score": 0.0, "support": 358}, "3": {"precision": 0.0, "recall": 0.0, "f1-score": 0.0, "support": 1472}, "4": {"precision": 0.10876132930513595, "recall": 0.7636363636363637, "f1-score": 0.1904042312051379, "support": 660}, "5": {"precision": 0.0, "recall": 0.0, "f1-score": 0.0, "support": 524}, "accuracy": 0.12066021627774616, "macro avg": {"precision": 0.2521803861599095, "recall": 0.14107537665302108, "f1-score": 0.05480513082495545, "support": 5271}, "weighted avg": {"precision": 0.2596372433011108, "recall": 0.12066021627774616, "f1-score": 0.06560739692319148, "support": 5271}, "auc": 0.5299077443741625, "loss": 2.356279002536427}, "val": {"0": {"precision": 0.4358974358974359, "recall": 0.06666666666666667, "f1-score": 0.11564625850340136, "support": 255}, "1": {"precision": 0.0, "recall": 0.0, "f1-score": 0.0, "support": 97}, "2": {"precision": 0.0, "recall": 0.0, "f1-score": 0.0, "support": 32}, "3": {"precision": 0.42105263157894735, "recall": 0.16, "f1-score": 0.2318840579710145, "support": 100}, "4": {"precision": 0.27244094488188975, "recall": 1.0, "f1-score": 0.4282178217821782, "support": 173}, "5": {"precision": 0.0, "recall": 0.0, "f1-score": 0.0, "support": 56}, "accuracy": 0.28892005610098176, "macro avg": {"precision": 0.18823183539304553, "recall": 0.20444444444444443, "f1-score": 0.129291356376099, "support": 713}, "weighted avg": {"precision": 0.2810538468110909, "recall": 0.28892005610098176, "f1-score": 0.17778384976688028, "support": 713}, "auc": 0.7415453850453189, "loss": 1.4426469077234683}}, "3": {"test": {"0": {"precision": 0.5091520358610385, "recall": 0.8455334987593052, "f1-score": 0.6355793891349966, "support": 1612}, "1": {"precision": 0.5054945054945055, "recall": 0.9984496124031008, "f1-score": 0.6711829077644607, "support": 645}, "2": {"precision": 0.0, "recall": 0.0, "f1-score": 0.0, "support": 358}, "3": {"precision": 0.0, "recall": 0.0, "f1-score": 0.0, "support": 1472}, "4": {"precision": 0.0, "recall": 0.0, "f1-score": 0.0, "support": 660}, "5": {"precision": 0.0, "recall": 0.0, "f1-score": 0.0, "support": 524}, "accuracy": 0.38076266363118955, "macro avg": {"precision": 0.16910775689259064, "recall": 0.30733051852706766, "f1-score": 0.21779371614990953, "support": 5271}, "weighted avg": {"precision": 0.21756726197153295, "recall": 0.38076266363118955, "f1-score": 0.2765067256296133, "support": 5271}, "auc": 0.5814893123604775, "loss": 1.7012145326896146}, "val": {"0": {"precision": 0.5510752688172043, "recall": 0.803921568627451, "f1-score": 0.6539074960127592, "support": 255}, "1": {"precision": 0.5105263157894737, "recall": 1.0, "f1-score": 0.6759581881533101, "support": 97}, "2": {"precision": 0.0, "recall": 0.0, "f1-score": 0.0, "support": 32}, "3": {"precision": 0.0, "recall": 0.0, "f1-score": 0.0, "support": 100}, "4": {"precision": 0.9926470588235294, "recall": 0.7803468208092486, "f1-score": 0.8737864077669902, "support": 173}, "5": {"precision": 0.0, "recall": 0.0, "f1-score": 0.0, "support": 56}, "accuracy": 0.6129032258064516, "macro avg": {"precision": 0.3423747739050345, "recall": 0.4307113982394499, "f1-score": 0.36727534865551, "support": 713}, "weighted avg": {"precision": 0.5073957746934595, "recall": 0.6129032258064516, "f1-score": 0.5378392766869762, "support": 713}, "auc": 0.7312546133216263, "loss": 1.3378721164620442}}, "4": {"test": {"0": {"precision": 0.4909090909090909, "recall": 0.6532258064516129, "f1-score": 0.5605536332179931, "support": 1612}, "1": {"precision": 0.5145739910313901, "recall": 0.7116279069767442, "f1-score": 0.5972674040338322, "support": 645}, "2": {"precision": 0.0, "recall": 0.0, "f1-score": 0.0, "support": 358}, "3": {"precision": 0.0, "recall": 0.0, "f1-score": 0.0, "support": 1472}, "4": {"precision": 0.022461394478240523, "recall": 0.07272727272727272, "f1-score": 0.03432248838040758, "support": 660}, "5": {"precision": 0.0, "recall": 0.0, "f1-score": 0.0, "support": 524}, "accuracy": 0.29595902105862265,