{"val": {"loss": 1.3232827912206235, "accuracy": 0.6774193548387096, "auc": 0.8532348471624014},
  "test": {"auc": 0.9932897275186277, "loss": 0.30246751872879085, "accuracy": 0.899070385126162}}