{"val": {"loss": 0.4772291653182196, "accuracy": 0.8709677419354839, "auc": 0.9870003572292047},
  "test": {"auc": 0.9944387437981473, "loss": 0.2627239992700969, "accuracy": 0.9224056156327073}}