{"0": {"test": {"0": {"precision": 0.6140909090909091, "recall": 0.8380893300248139, "f1-score": 0.7088142707240294, "support": 1612}, "1": {"precision": 0.5705669481302774, "recall": 0.7166666666666667, "f1-score": 0.6353257219610476, "support": 660}, "2": {"precision": 0.0, "recall": 0.0, "f1-score": 0.0, "support": 358}, "3": {"precision": 0.9068901303538175, "recall": 0.9925271739130435, "f1-score": 0.9477781381771002, "support": 1472}, "4": {"precision": 0.9873217115689382, "recall": 0.9658914728682171, "f1-score": 0.9764890282131662, "support": 645}, "5": {"precision": 0.0, "recall": 0.0, "f1-score": 0.0, "support": 524}, "accuracy": 0.7414152912160881, "macro avg": {"precision": 0.5131449498573237, "recall": 0.5855291072454568, "f1-score": 0.5447345265125572, "support": 5271}, "weighted avg": {"precision": 0.6333245128179309, "recall": 0.7414152912160881, "f1-score": 0.68049486311812, "support": 5271}, "auc": 0.8717375529962911, "loss": 1.3612762056742653}, "val": {"0": {"precision": 0.6627906976744186, "recall": 0.8941176470588236, "f1-score": 0.7612687813021703, "support": 255}, "1": {"precision": 0.6739130434782609, "recall": 0.62, "f1-score": 0.6458333333333334, "support": 100}, "2": {"precision": 0.0, "recall": 0.0, "f1-score": 0.0, "support": 32}, "3": {"precision": 0.9333333333333333, "recall": 0.9710982658959537, "f1-score": 0.9518413597733711, "support": 173}, "4": {"precision": 0.9690721649484536, "recall": 0.9690721649484536, "f1-score": 0.9690721649484536, "support": 97}, "5": {"precision": 0.0, "recall": 0.0, "f1-score": 0.0, "support": 56}, "accuracy": 0.7741935483870968, "macro avg": {"precision": 0.5398515399057444, "recall": 0.5757146796505385, "f1-score": 0.5546692732262214, "support": 713}, "weighted avg": {"precision": 0.6898591850230988, "recall": 0.7741935483870968, "f1-score": 0.7256317360535485, "support": 713}, "auc": 0.8692513126555472, "loss": 1.1017116645108098}}, "1": {"test": {"0": {"precision": 0.5315191181536342, "recall": 0.957196029776675, "f1-score": 0.683499446290144, "support": 1612}, "1": {"precision": 0.0, "recall": 0.0, "f1-score": 0.0, "support": 660}, "2": {"precision": 0.0, "recall": 0.0, "f1-score": 0.0, "support": 358}, "3": {"precision": 0.8422273781902552, "recall": 0.9864130434782609, "f1-score": 0.9086357947434291, "support": 1472}, "4": {"precision": 0.9922360248447205, "recall": 0.9906976744186047, "f1-score": 0.991466252909232, "support": 645}, "5": {"precision": 0.0, "recall": 0.0, "f1-score": 0.0, "support": 524}, "accuracy": 0.6894327452096376, "macro avg": {"precision": 0.39433042019810166, "recall": 0.4890511246122567, "f1-score": 0.4306002489904675, "support": 5271}, "weighted avg": {"precision": 0.5191727860338756, "recall": 0.6894327452096376, "f1-score": 0.584103344793871, "support": 5271}, "auc": 0.8171078498626135, "loss": 1.9756045214888274}, "val": {"0": {"precision": 0.572429906542056, "recall": 0.9607843137254902, "f1-score": 0.7174231332357247, "support": 255}, "1": {"precision": 0.0, "recall": 0.0, "f1-score": 0.0, "support": 100}, "2": {"precision": 0.0, "recall": 0.0, "f1-score": 0.0, "support": 32}, "3": {"precision": 0.8924731182795699, "recall": 0.9595375722543352, "f1-score": 0.924791086350975, "support": 173}, "4": {"precision": 0.9797979797979798, "recall": 1.0, "f1-score": 0.989795918367347, "support": 97}, "5": {"precision": 0.0, "recall": 0.0, "f1-score": 0.0, "support": 56}, "accuracy": 0.7124824684431977, "macro avg": {"precision": 0.40745016743660095, "recall": 0.4867203143299709, "f1-score": 0.4386683563256744, "support": 713}, "weighted avg": {"precision": 0.5545692562005524, "recall": 0.7124824684431977, "f1-score": 0.6156268737664252, "support": 713}, "auc": 0.8140193678294421, "loss": 1.7694981512816057}}, "2": {"test": {"0": {"precision": 0.59765625, "recall": 0.8542183622828784, "f1-score": 0.7032686414708887, "support": 1612}, "1": {"precision": 0.7461538461538462, "recall": 0.8818181818181818, "f1-score": 0.8083333333333333, "support": 660}, "2": {"precision": 0.0, "recall": 0.0, "f1-score": 0.0, "support": 358}, "3": {"precision": 0.8754512635379061, "recall": 0.9884510869565217, "f1-score": 0.9285258455647735, "support": 1472}, "4": {"precision": 0.8647619047619047, "recall": 0.703875968992248, "f1-score": 0.776068376068376, "support": 645}, "5": {"precision": 0.0, "recall": 0.0, "f1-score": 0.0, "support": 524}, "accuracy": 0.733826598368431, "macro avg": {"precision": 0.5140038774089428, "recall": 0.5713939333416383, "f1-score": 0.5360326994062286, "support": 5271}, "weighted avg": {"precision": 0.6265071337432679, "recall": 0.733826598368431, "f1-score": 0.6705602726781487, "support": 5271}, "auc": 0.8023096797531487, "loss": 1.6136862667221012}, "val": {"0": {"precision": 0.653179190751445, "recall": 0.8862745098039215, "f1-score": 0.752079866888519, "support": 255}, "1": {"precision": 0.8269230769230769, "recall": 0.86, "f1-score": 0.8431372549019608, "support": 100}, "2": {"precision": 0.0, "recall": 0.0, "f1-score": 0.0, "support": 32}, "3": {"precision": 0.8888888888888888, "recall": 0.9710982658959537, "f1-score": 0.9281767955801103, "support": 173}, "4": {"precision": 0.8918918918918919, "recall": 0.6804123711340206, "f1-score": 0.7719298245614035, "support": 97}, "5": {"precision": 0.0, "recall": 0.0, "f1-score": 0.0, "support": 56}, "accuracy": 0.7657784011220197, "macro avg": {"precision": 0.5434805080758838, "recall": 0.566297524472316, "f1-score": 0.5492206236553323, "support": 713}, "weighted avg": {"precision": 0.6865978858698703, "recall": 0.7657784011220197, "f1-score": 0.7174556383795002, "support": 713}, "auc": 0.8057867506672086, "loss": 1.298887514549753}}, "3": {"test": {"0": {"precision": 0.43625665452507706, "recall": 0.9658808933002482, "f1-score": 0.6010422698320788, "support": 1612}, "1": {"precision": 0.0, "recall": 0.0, "f1-score": 0.0, "support": 660}, "2": {"precision": 0.0, "recall": 0.0, "f1-score": 0.0, "support": 358}, "3": {"precision": 0.8566392479435958, "recall": 0.9904891304347826, "f1-score": 0.9187145557655954, "support": 1472}, "4": {"precision": 0.0, "recall": 0.0, "f1-score": 0.0, "support": 645}, "5": {"precision": 0.0, "recall": 0.0, "f1-score": 0.0, "support": 524}, "accuracy": 0.5719977233921457, "macro avg": {"precision": 0.21548265041144546, "recall": 0.32606167062250513, "f1-score": 0.25329280426627904, "support": 5271}, "weighted avg": {"precision": 0.3726463100108892, "recall": 0.5719977233921457, "f1-score": 0.4403771514050972, "support": 5271}, "auc": 0.6402534464352294, "loss": 3.0938079013743183}, "val": {"0": {"precision": 0.47609942638623326, "recall": 0.9764705882352941, "f1-score": 0.6401028277634961, "support": 255}, "1": {"precision": 0.0, "recall": 0.0, "f1-score": 0.0, "support": 100}, "2": {"precision": 0.0, "recall": 0.0, "f1-score": 0.0, "support": 32}, "3": {"precision": 0.8842105263157894, "recall": 0.9710982658959537, "f1-score": 0.9256198347107437, "support": 173}, "4": {"precision": 0.0, "recall": 0.0, "f1-score": 0.0, "support": 97}, "5": {"precision": 0.0, "recall": 0.0, "f1-score": 0.0, "support": 56}, "accuracy": 0.5848527349228612, "macro avg": {"precision": 0.2267183254503371, "recall": 0.32459480902187465, "f1-score": 0.26095377707904, "support": 713}, "weighted avg": {"precision": 0.384815953409707, "recall": 0.5848527349228612, "f1-score": 0.4535181661776301, "support": 713}, "auc": 0.6813684109009742, "loss": 2.950540946877521}}, "4": {"test": {"0": {"precision": 0.5546498703223416, "recall": 0.9286600496277916, "f1-score": 0.6945024356297843, "support": 1612}, "1": {"precision": 0.0, "recall": 0.0, "f1-score": 0.0, "support": 660}, "2": {"precision": 0.0, "recall": 0.0, "f1-score": 0.0, "support": 358}, "3": {"precision": 0.7601246105919003, "recall": 0.9945652173913043, "f1-score": 0.8616833431430253, "support": 1472}, "4": {"precision": 0.9907120743034056, "recall": 0.9922480620155039, "f1-score": 0.9914794732765299, "support": 645}, "5": {"precision": 0.0,