{"val": {"loss": 0.5160929411649704, "accuracy": 0.876577840112202, "auc": 0.9867662971712928}, "test": {"auc": 0.9966729487340005, "loss": 0.20045550889617791, "accuracy": 0.93340922026181}}