data_split,loss,auc,accuracy
0,test,14.293625477588538,0.388640104245393,0.03263137924492506
1,train,14.293625477588538,0.388640104245393,0.03263137924492506
2,validation,14.293625477588538,0.388640104245393,0.03263137924492506
