{"0": {"test": {"0": {"precision": 0.025, "recall": 0.01764705882352941, "f1-score": 0.020689655172413793, "support": 170}, "1": {"precision": 0.11650485436893204, "recall": 0.6666666666666666, "f1-score": 0.1983471074380165, "support": 54}, "2": {"precision": 0.0, "recall": 0.0, "f1-score": 0.0, "support": 108}, "3": {"precision": 0.9174311926605505, "recall": 1.0, "f1-score": 0.9569377990430622, "support": 100}, "4": {"precision": 0.0, "recall": 0.0, "f1-score": 0.0, "support": 250}, "5": {"precision": 0.0, "recall": 0.0, "f1-score": 0.0, "support": 31}, "accuracy": 0.1949509116409537, "macro avg": {"precision": 0.17648934117158044, "recall": 0.280718954248366, "f1-score": 0.19599576027558208, "support": 713}, "weighted avg": {"precision": 0.14345635540249282, "recall": 0.1949509116409537, "f1-score": 0.15416797347162617, "support": 713}, "auc": 0.6130549586906934, "loss": 6.688743881557299}, "val": {"0": {"precision": 0.7, "recall": 0.8045977011494253, "f1-score": 0.7486631016042781, "support": 87}, "1": {"precision": 0.746177370030581, "recall": 0.9277566539923955, "f1-score": 0.8271186440677967, "support": 263}, "2": {"precision": 0.9044117647058824, "recall": 0.924812030075188, "f1-score": 0.9144981412639406, "support": 133}, "3": {"precision": 0.9746835443037974, "recall": 0.9746835443037974, "f1-score": 0.9746835443037974, "support": 79}, "4": {"precision": 0.0, "recall": 0.0, "f1-score": 0.0, "support": 35}, "5": {"precision": 0.0, "recall": 0.0, "f1-score": 0.0, "support": 45}, "accuracy": 0.8006230529595015, "macro avg": {"precision": 0.5542121131733767, "recall": 0.605308321586801, "f1-score": 0.5774939052066355, "support": 642}, "weighted avg": {"precision": 0.7078370919375782, "recall": 0.8006230529595015, "f1-score": 0.7496793551674561, "support": 642}, "auc": 0.8737554592440194, "loss": 1.483476920319455}}, "1": {"test": {"0": {"precision": 0.08979591836734693, "recall": 0.41509433962264153, "f1-score": 0.1476510067114094, "support": 53}, "1": {"precision": 0.06956521739130435, "recall": 0.03375527426160337, "f1-score": 0.045454545454545456, "support": 237}, "2": {"precision": 0.8977272727272727, "recall": 0.9461077844311377, "f1-score": 0.9212827988338194, "support": 167}, "3": {"precision": 0.0, "recall": 0.0, "f1-score": 0.0, "support": 116}, "4": {"precision": 0.0, "recall": 0.0, "f1-score": 0.0, "support": 102}, "5": {"precision": 0.0, "recall": 0.0, "f1-score": 0.0, "support": 38}, "accuracy": 0.26367461430575034, "macro avg": {"precision": 0.17618140141432068, "recall": 0.23249289971923046, "f1-score": 0.1857313918332957, "support": 713}, "weighted avg": {"precision": 0.2400653502674096, "recall": 0.26367461430575034, "f1-score": 0.24186880509632508, "support": 713}, "auc": 0.5702218449313248, "loss": 5.515793095464292}, "val": {"0": {"precision": 0.7410358565737052, "recall": 0.8193832599118943, "f1-score": 0.7782426778242679, "support": 227}, "1": {"precision": 0.967741935483871, "recall": 0.989010989010989, "f1-score": 0.9782608695652174, "support": 91}, "2": {"precision": 0.8835616438356164, "recall": 0.9416058394160584, "f1-score": 0.911660777385159, "support": 137}, "3": {"precision": 0.0, "recall": 0.0, "f1-score": 0.0, "support": 48}, "4": {"precision": 0.5657894736842105, "recall": 0.8775510204081632, "f1-score": 0.6880000000000001, "support": 98}, "5": {"precision": 0.0, "recall": 0.0, "f1-score": 0.0, "support": 41}, "accuracy": 0.764797507788162, "macro avg": {"precision": 0.5263548182629005, "recall": 0.6045918514578509, "f1-score": 0.5593607207957741, "support": 642}, "weighted avg": {"precision": 0.6741043133922047, "recall": 0.764797507788162, "f1-score": 0.7134024197792996, "support": 642}, "auc": 0.9028625755492671, "loss": 1.5916812448274522}}, "2": {"test": {"0": {"precision": 0.028846153846153848, "recall": 0.05232558139534884, "f1-score": 0.0371900826446281, "support": 172}, "1": {"precision": 0.005494505494505495, "recall": 0.01020408163265306, "f1-score": 0.0071428571428571435, "support": 98}, "2": {"precision": 0.1875, "recall": 0.08139534883720931, "f1-score": 0.1135135135135135, "support": 258}, "3": {"precision": 0.0, "recall": 0.0, "f1-score": 0.0, "support": 50}, "4": {"precision": 0.018691588785046728, "recall": 0.06060606060606061, "f1-score": 0.028571428571428567, "support": 33}, "5": {"precision": 0.0, "recall": 0.0, "f1-score": 0.0, "support": 102}, "accuracy": 0.04628330995792426, "macro avg": {"precision": 0.04008870802095101, "recall": 0.034088512078545304, "f1-score": 0.031069646978737885, "support": 713}, "weighted avg": {"precision": 0.07642611841501619, "recall": 0.04628330995792426, "f1-score": 0.052350684213491816, "support": 713}, "auc": 0.437010476922412, "loss": 7.96497979371444}, "val": {"0": {"precision": 0.668693009118541, "recall": 0.9523809523809523, "f1-score": 0.7857142857142856, "support": 231}, "1": {"precision": 0.9343065693430657, "recall": 0.9142857142857143, "f1-score": 0.9241877256317689, "support": 140}, "2": {"precision": 0.788235294117647, "recall": 0.7282608695652174, "f1-score": 0.7570621468926554, "support": 92}, "3": {"precision": 0.0, "recall": 0.0, "f1-score": 0.0, "support": 30}, "4": {"precision": 1.0, "recall": 0.9578947368421052, "f1-score": 0.978494623655914, "support": 95}, "5": {"precision": 0.0, "recall": 0.0, "f1-score": 0.0, "support": 54}, "accuracy": 0.7881619937694704, "macro avg": {"precision": 0.5652058120965423, "recall": 0.5921370455123315, "f1-score": 0.5742431303157706, "support": 642}, "weighted avg": {"precision": 0.70527827394585, "recall": 0.7881619937694704, "f1-score": 0.737528019236579, "support": 642}, "auc": 0.8864884081129131, "loss": 1.5046460235663246}}, "3": {"test": {"0": {"precision": 0.0, "recall": 0.0, "f1-score": 0.0, "support": 168}, "1": {"precision": 0.0, "recall": 0.0, "f1-score": 0.0, "support": 100}, "2": {"precision": 0.017391304347826087, "recall": 0.018518518518518517, "f1-score": 0.017937219730941707, "support": 108}, "3": {"precision": 0.054945054945054944, "recall": 0.18867924528301888, "f1-score": 0.0851063829787234, "support": 53}, "4": {"precision": 0.20382165605095542, "recall": 0.12698412698412698, "f1-score": 0.15647921760391198, "support": 252}, "5": {"precision": 0.0, "recall": 0.0, "f1-score": 0.0, "support": 32}, "accuracy": 0.061711079943899017, "macro avg": {"precision": 0.046026335890639404, "recall": 0.055696981797610734, "f1-score": 0.04325380338559618, "support": 713}, "weighted avg": {"precision": 0.07875653030363801, "recall": 0.061711079943899017, "f1-score": 0.06434869686535745, "support": 713}, "auc": 0.4408007266449945, "loss": 7.6345124866651455}, "val": {"0": {"precision": 0.0, "recall": 0.0, "f1-score": 0.0, "support": 34}, "1": {"precision": 0.7366666666666667, "recall": 0.9094650205761317, "f1-score": 0.8139963167587478, "support": 243}, "2": {"precision": 0.94, "recall": 1.0, "f1-score": 0.9690721649484536, "support": 94}, "3": {"precision": 0.8759124087591241, "recall": 0.916030534351145, "f1-score": 0.8955223880597015, "support": 131}, "4": {"precision": 0.7142857142857143, "recall": 0.8333333333333334, "f1-score": 0.7692307692307692, "support": 90}, "5": {"precision": 0.0, "recall": 0.0, "f1-score": 0.0, "support": 50}, "accuracy": 0.794392523364486, "macro avg": {"precision": 0.5444774649519175, "recall": 0.6098048147101017, "f1-score": 0.5746369398329453, "support": 642}, "weighted avg": {"precision": 0.695327476375638, "recall": 0.794392523364486, "f1-score": 0.7405577734332095, "support": 642}, "auc": 0.9020604697737185, "loss": 1.5714361696016221}}, "4": {"test": {"0": {"precision": 0.0, "recall": 0.0, "f1-score": 0.0, "support": 265}, "1": {"precision": 0.021791767554479417, "recall": 0.055900621118012424, "f1-score": 0.0313588850174216, "support": 161}, "2": {"precision": 0.0, "recall": 0.0, "f1-score": 0.0, "support": 108}, "3": {"precision": 0.043333333333333335, "recall": 0.3333333333333333, "f1-score": 0.07669616519174041, "support": 39}, "4": {"precision": 0.0,