{
  "train_split": {
    "paper": {
      "val": {
        "loss": 1.3232827912206235,
        "accuracy": 0.6774193548387096,
        "auc": 0.8532348471624014
      },
      "test": {
        "auc": 0.9932897275186277,
        "loss": 0.30246751872879085,
        "accuracy": 0.899070385126162
      }
    },
    "custom": {
      "val": {
        "loss": 0.4772291653182196,
        "accuracy": 0.8709677419354839,
        "auc": 0.9870003572292047
      },
      "test": {
        "auc": 0.9944387437981473,
        "loss": 0.2627239992700969,
        "accuracy": 0.9224056156327073
      }
    }
  },
  "random_split": {
    "paper": {"val": {"loss": 1.79605, "accuracy":  0.242637, "auc": 0.5},
            "test": {"auc": 0.5, "loss": 1.7665012973850056, "accuracy": 0.25967741935483873}},
    "custom": {"val": {"loss": 0.49104658805805707, "accuracy": 0.8639551192145862, "auc": 0.9885063298099964},
  "test": {"auc": 0.9939370206579727, "loss": 0.29054074526085694, "accuracy": 0.9102150537634408}}
  }
}